{"roommates": {"values": {"v2w": {"raw": 0, "display_value": "0", "weight": 0.0}, "v6z": {"raw": 1, "display_value": "1", "weight": 0.14285714285714285}, "v6y": {"raw": 1, "display_value": "1", "weight": 0.14285714285714285}, "v6x": {"raw": 1, "display_value": "1", "weight": 0.14285714285714285}, "v6t": {"raw": 2, "display_value": "2", "weight": 0.2857142857142857}, "v6s": {"raw": 2, "display_value": "2", "weight": 0.2857142857142857}, "v6r": {"raw": 2, "display_value": "2", "weight": 0.2857142857142857}, "v6p": {"raw": 2, "display_value": "2", "weight": 0.2857142857142857}, "v6n": {"raw": 2, "display_value": "2", "weight": 0.2857142857142857}, "v6m": {"raw": 2, "display_value": "2", "weight": 0.2857142857142857}, "v6l": {"raw": 2, "display_value": "2", "weight": 0.2857142857142857}, "v6k": {"raw": 1, "display_value": "1", "weight": 0.14285714285714285}, "v6j": {"raw": 1, "display_value": "1", "weight": 0.14285714285714285}, "v2e": {"raw": 0, "display_value": "0", "weight": 0.0}, "v6h": {"raw": 1, "display_value": "1", "weight": 0.14285714285714285}, "v0n": {"raw": 2, "display_value": "2", "weight": 0.2857142857142857}, "v6b": {"raw": 1, "display_value": "1", "weight": 0.14285714285714285}, "v6a": {"raw": 2, "display_value": "2", "weight": 0.2857142857142857}, "v5g": {"raw": 2, "display_value": "2", "weight": 0.2857142857142857}, "v5e": {"raw": 1, "display_value": "1", "weight": 0.14285714285714285}, "v5b": {"raw": 0, "display_value": "0", "weight": 0.0}, "v5c": {"raw": 1, "display_value": "1", "weight": 0.14285714285714285}, "v5n": {"raw": 3, "display_value": "3", "weight": 0.42857142857142855}, "v5l": {"raw": 2, "display_value": "2", "weight": 0.2857142857142857}, "v5m": {"raw": 1, "display_value": "1", "weight": 0.14285714285714285}, "v5j": {"raw": 0, "display_value": "0", "weight": 0.0}, "v5k": {"raw": 0, "display_value": "0", "weight": 0.0}, "v5h": {"raw": 3, "display_value": "3", "weight": 0.42857142857142855}, "v0h": {"raw": 0, "display_value": "0", "weight": 0.0}, "v5v": {"raw": 2, "display_value": "2", "weight": 0.2857142857142857}, "v5w": {"raw": 1, "display_value": "1", "weight": 0.14285714285714285}, "v5t": {"raw": 1, "display_value": "1", "weight": 0.14285714285714285}, "v5r": {"raw": 1, "display_value": "1", "weight": 0.14285714285714285}, "v5s": {"raw": 2, "display_value": "2", "weight": 0.2857142857142857}, "v5p": {"raw": 4, "display_value": "4", "weight": 0.5714285714285714}, "v5z": {"raw": 2, "display_value": "2", "weight": 0.2857142857142857}, "v5x": {"raw": 1, "display_value": "1", "weight": 0.14285714285714285}, "v5y": {"raw": 1, "display_value": "1", "weight": 0.14285714285714285}, "v3s": {"raw": 7, "display_value": "7", "weight": 1.0}, "v3t": {"raw": 0, "display_value": "0", "weight": 0.0}, "v3v": {"raw": 0, "display_value": "0", "weight": 0.0}, "v3w": {"raw": 0, "display_value": "0", "weight": 0.0}, "v7t": {"raw": 0, "display_value": "0", "weight": 0.0}, "v1p": {"raw": 0, "display_value": "0", "weight": 0.0}, "v1v": {"raw": 0, "display_value": "0", "weight": 0.0}, "downtown": {"raw": 1, "display_value": "1", "weight": 0.14285714285714285}, "v3a": {"raw": 5, "display_value": "5", "weight": 0.7142857142857143}, "v3b": {"raw": 0, "display_value": "0", "weight": 0.0}, "v3e": {"raw": 1, "display_value": "1", "weight": 0.14285714285714285}, "v7j": {"raw": 0, "display_value": "0", "weight": 0.0}, "v1m": {"raw": 0, "display_value": "0", "weight": 0.0}, "v3j": {"raw": 0, "display_value": "0", "weight": 0.0}, "v15": {"raw": 0, "display_value": "0", "weight": 0.0}, "v7a": {"raw": 0, "display_value": "0", "weight": 0.0}, "v3n": {"raw": 0, "display_value": "0", "weight": 0.0}, "v7c": {"raw": 1, "display_value": "1", "weight": 0.14285714285714285}, "v4a": {"raw": 0, "display_value": "0", "weight": 0.0}, "v4c": {"raw": 0, "display_value": "0", "weight": 0.0}, "v7m": {"raw": 0, "display_value": "0", "weight": 0.0}, "v4k": {"raw": 0, "display_value": "0", "weight": 0.0}, "v4m": {"raw": 0, "display_value": "0", "weight": 0.0}, "v4n": {"raw": 0, "display_value": "0", "weight": 0.0}, "vc8": {"raw": 0, "display_value": "0", "weight": 0.0}, "v69": {"raw": 0, "display_value": "0", "weight": 0.0}, "v3m": {"raw": 2, "display_value": "2", "weight": 0.2857142857142857}, "v8r": {"raw": 0, "display_value": "0", "weight": 0.0}}, "display_label": "Average # of roommates", "legend": {"high": "More roommates", "low": "Less roommates"}}, "population": {"values": {"v2w": {"raw": 2, "display_value": "0.26%", "weight": 0.007462686567164179}, "v6z": {"raw": 3, "display_value": "0.39%", "weight": 0.014925373134328358}, "v6y": {"raw": 2, "display_value": "0.26%", "weight": 0.007462686567164179}, "v6x": {"raw": 2, "display_value": "0.26%", "weight": 0.007462686567164179}, "v6t": {"raw": 44, "display_value": "5.77%", "weight": 0.3208955223880597}, "v6s": {"raw": 52, "display_value": "6.82%", "weight": 0.3805970149253731}, "v6r": {"raw": 135, "display_value": "17.69%", "weight": 1.0}, "v6p": {"raw": 24, "display_value": "3.15%", "weight": 0.17164179104477612}, "v6n": {"raw": 75, "display_value": "9.83%", "weight": 0.5522388059701493}, "v6m": {"raw": 36, "display_value": "4.72%", "weight": 0.26119402985074625}, "v6l": {"raw": 28, "display_value": "3.67%", "weight": 0.20149253731343283}, "v6k": {"raw": 123, "display_value": "16.12%", "weight": 0.9104477611940298}, "v6j": {"raw": 32, "display_value": "4.19%", "weight": 0.23134328358208955}, "v2e": {"raw": 1, "display_value": "0.13%", "weight": 0.0}, "v6h": {"raw": 27, "display_value": "3.54%", "weight": 0.19402985074626866}, "v0n": {"raw": 2, "display_value": "0.26%", "weight": 0.007462686567164179}, "v6b": {"raw": 12, "display_value": "1.57%", "weight": 0.08208955223880597}, "v6a": {"raw": 3, "display_value": "0.39%", "weight": 0.014925373134328358}, "v5g": {"raw": 2, "display_value": "0.26%", "weight": 0.007462686567164179}, "v5e": {"raw": 3, "display_value": "0.39%", "weight": 0.014925373134328358}, "v5b": {"raw": 1, "display_value": "0.13%", "weight": 0.0}, "v5c": {"raw": 2, "display_value": "0.26%", "weight": 0.007462686567164179}, "v5n": {"raw": 12, "display_value": "1.57%", "weight": 0.08208955223880597}, "v5l": {"raw": 5, "display_value": "0.66%", "weight": 0.029850746268656716}, "v5m": {"raw": 4, "display_value": "0.52%", "weight": 0.022388059701492536}, "v5j": {"raw": 1, "display_value": "0.13%", "weight": 0.0}, "v5k": {"raw": 1, "display_value": "0.13%", "weight": 0.0}, "v5h": {"raw": 2, "display_value": "0.26%", "weight": 0.007462686567164179}, "v0h": {"raw": 1, "display_value": "0.13%", "weight": 0.0}, "v5v": {"raw": 12, "display_value": "1.57%", "weight": 0.08208955223880597}, "v5w": {"raw": 12, "display_value": "1.57%", "weight": 0.08208955223880597}, "v5t": {"raw": 16, "display_value": "2.1%", "weight": 0.11194029850746269}, "v5r": {"raw": 7, "display_value": "0.92%", "weight": 0.04477611940298507}, "v5s": {"raw": 3, "display_value": "0.39%", "weight": 0.014925373134328358}, "v5p": {"raw": 2, "display_value": "0.26%", "weight": 0.007462686567164179}, "v5z": {"raw": 13, "display_value": "1.7%", "weight": 0.08955223880597014}, "v5x": {"raw": 5, "display_value": "0.66%", "weight": 0.029850746268656716}, "v5y": {"raw": 12, "display_value": "1.57%", "weight": 0.08208955223880597}, "v3s": {"raw": 2, "display_value": "0.26%", "weight": 0.007462686567164179}, "v3t": {"raw": 1, "display_value": "0.13%", "weight": 0.0}, "v3v": {"raw": 1, "display_value": "0.13%", "weight": 0.0}, "v3w": {"raw": 1, "display_value": "0.13%", "weight": 0.0}, "v7t": {"raw": 1, "display_value": "0.13%", "weight": 0.0}, "v1p": {"raw": 1, "display_value": "0.13%", "weight": 0.0}, "v1v": {"raw": 2, "display_value": "0.26%", "weight": 0.007462686567164179}, "downtown": {"raw": 11, "display_value": "1.44%", "weight": 0.07462686567164178}, "v3a": {"raw": 2, "display_value": "0.26%", "weight": 0.007462686567164179}, "v3b": {"raw": 1, "display_value": "0.13%", "weight": 0.0}, "v3e": {"raw": 2, "display_value": "0.26%",